Index,Entry-Date,ExitDate,Entry-Price,ExitPrice,Quantity,Instrument-Kind,StrikePrice,ExpiryDate,Position,P/L,P/L-Percentage,DTD,CIM,ITD
,,,,,,,,,,,,,,
1,"Monday, 24 January 2022","Monday, 24 January 2022",76,34.7,6500,CE,38600,27/01/22,Sell,268450,54.34210526,,,40000000
2,"Monday, 24 January 2022","Monday, 24 January 2022",74.4,94.4,6500,PE,36500,27/01/22,Sell,-130000,-26.88172043,138450,138450,40138450
3,"Tuesday, 25 January 2022","Tuesday, 25 January 2022",72.55,92.55,6500,CE,37800,27/01/22,Sell,-130000,-27.56719504,,,40138450
4,"Tuesday, 25 January 2022","Tuesday, 25 January 2022",72.95,9.75,6500,PE,35000,27/01/22,Sell,410800,86.63468129,280800,419250,40419250
5,"Thursday, 27 January 2022","Thursday, 27 January 2022",74.5,94.5,6500,CE,37500,27/01/22,Sell,-130000,-26.84563758,,,40419250
6,"Thursday, 27 January 2022","Thursday, 27 January 2022",72.45,0.2,6500,PE,36600,27/01/22,Sell,469625,99.72394755,339625,758875,40758875
7,"Friday, 28 January 2022","Friday, 28 January 2022",72.6,72.6,6500,CE,41000,03/02/22,Sell,0,0,,,40758875
8,"Friday, 28 January 2022","Friday, 28 January 2022",72,92,6500,PE,35600,03/02/22,Sell,-130000,-27.77777778,-130000,628875,40628875
9,"Monday, 31 January 2022","Monday, 31 January 2022",75.75,75.75,6500,CE,40600,03/02/22,Sell,0,0,,,40628875
10,"Monday, 31 January 2022","Monday, 31 January 2022",74.3,94.3,6500,PE,35800,03/02/22,Sell,-130000,-26.9179004,-130000,498875,40498875
11,"Tuesday, 1 February 2022","Tuesday, 1 February 2022",71.7,91.7,6500,CE,41000,03/02/22,Sell,-130000,-27.89400279,,,40498875
12,"Tuesday, 1 February 2022","Tuesday, 1 February 2022",73.55,73.55,6500,PE,35800,03/02/22,Sell,0,0,-130000,368875,40368875
13,"Wednesday, 2 February 2022","Wednesday, 2 February 2022",70.45,52,6500,CE,39800,03/02/22,Sell,119925,26.18878637,,,40368875
14,"Wednesday, 2 February 2022","Wednesday, 2 February 2022",80.35,15.35,6500,PE,38200,03/02/22,Sell,422500,80.89607965,542425,911300,40911300
15,"Thursday, 3 February 2022","Thursday, 3 February 2022",87.55,87.55,6500,CE,39500,03/02/22,Sell,0,0,,,40911300
16,"Thursday, 3 February 2022","Thursday, 3 February 2022",73.4,93.4,6500,PE,39100,03/02/22,Sell,-130000,-27.2479564,-130000,781300,40781300
17,"Friday, 4 February 2022","Friday, 4 February 2022",78.75,98.75,6500,CE,40200,10/02/22,Sell,-130000,-25.3968254,,,40781300
18,"Friday, 4 February 2022","Friday, 4 February 2022",76.05,76.05,6500,PE,37300,10/02/22,Sell,0,0,-130000,651300,40651300
19,"Monday, 7 February 2022","Monday, 7 February 2022",71,23.4,6500,CE,39900,10/02/22,Sell,309400,67.04225352,,,40651300
20,"Monday, 7 February 2022","Monday, 7 February 2022",78.65,98.65,6500,PE,37600,10/02/22,Sell,-130000,-25.42911634,179400,830700,40830700
21,"Tuesday, 8 February 2022","Tuesday, 8 February 2022",72.85,72.85,6500,CE,39100,10/02/22,Sell,0,0,,,40830700
22,"Tuesday, 8 February 2022","Tuesday, 8 February 2022",71.25,91.25,6500,PE,37100,10/02/22,Sell,-130000,-28.07017544,-130000,700700,40700700
23,"Wednesday, 9 February 2022","Wednesday, 9 February 2022",68.6,72.35,6500,CE,38900,10/02/22,Sell,-24375,-5.466472303,,,40700700
24,"Wednesday, 9 February 2022","Wednesday, 9 February 2022",80.25,100.25,6500,PE,37800,10/02/22,Sell,-130000,-24.92211838,-154375,546325,40546325
25,"Thursday, 10 February 2022","Thursday, 10 February 2022",69,69,6500,CE,39000,10/02/22,Sell,0,0,,,40546325
26,"Thursday, 10 February 2022","Thursday, 10 February 2022",73.3,93.3,6500,PE,38300,10/02/22,Sell,-130000,-27.2851296,-130000,416325,40416325
27,"Friday, 11 February 2022","Friday, 11 February 2022",74.7,74.7,6500,CE,39800,17/02/22,Sell,0,0,,,40416325
28,"Friday, 11 February 2022","Friday, 11 February 2022",71.6,91.6,6500,PE,37100,17/02/22,Sell,-130000,-27.93296089,-130000,286325,40286325
29,"Monday, 14 February 2022","Monday, 14 February 2022",80.45,80.45,6500,CE,38800,17/02/22,Sell,0,0,,,40286325
30,"Monday, 14 February 2022","Monday, 14 February 2022",73.4,93.4,6500,PE,34500,17/02/22,Sell,-130000,-27.2479564,-130000,156325,40156325
31,"Tuesday, 15 February 2022","Tuesday, 15 February 2022",72.1,72.1,6500,CE,38200,17/02/22,Sell,0,0,,,40156325
32,"Tuesday, 15 February 2022","Tuesday, 15 February 2022",74.85,94.85,6500,PE,35600,17/02/22,Sell,-130000,-26.72010688,-130000,26325,40026325
33,"Wednesday, 16 February 2022","Wednesday, 16 February 2022",78.9,78.9,6500,CE,38900,17/02/22,Sell,0,0,,,40026325
34,"Wednesday, 16 February 2022","Wednesday, 16 February 2022",75.35,95.35,6500,PE,37700,17/02/22,Sell,-130000,-26.54280027,-130000,-103675,39896325
35,"Thursday, 17 February 2022","Thursday, 17 February 2022",76.85,0.25,6500,CE,38300,17/02/22,Sell,497900,99.67469096,,,39896325
36,"Thursday, 17 February 2022","Thursday, 17 February 2022",69.15,89.15,6500,PE,37800,17/02/22,Sell,-130000,-28.92263196,367900,264225,40264225
37,"Friday, 18 February 2022","Friday, 18 February 2022",77.55,97.55,6500,CE,39000,24/02/22,Sell,-130000,-25.78981302,,,40264225
38,"Friday, 18 February 2022","Friday, 18 February 2022",73.2,73.2,6500,PE,34800,24/02/22,Sell,0,0,-130000,134225,40134225
39,"Monday, 21 February 2022","Monday, 21 February 2022",72.35,92.35,6500,CE,38700,24/02/22,Sell,-130000,-27.64340014,,,40134225
40,"Monday, 21 February 2022","Monday, 21 February 2022",73.65,33.65,6500,PE,35300,24/02/22,Sell,260000,54.31093007,130000,264225,40264225
41,"Tuesday, 22 February 2022","Tuesday, 22 February 2022",71.35,91.35,6500,CE,38200,24/02/22,Sell,-130000,-28.03083392,,,40264225
42,"Tuesday, 22 February 2022","Tuesday, 22 February 2022",73.55,23.65,6500,PE,34900,24/02/22,Sell,324350,67.8450034,194350,458575,40458575
43,"Wednesday, 23 February 2022","Wednesday, 23 February 2022",84.25,21,6500,CE,38200,24/02/22,Sell,411125,75.07418398,,,40458575
44,"Wednesday, 23 February 2022","Wednesday, 23 February 2022",71.95,91.95,6500,PE,36800,24/02/22,Sell,-130000,-27.79708131,281125,739700,40739700
45,"Thursday, 24 February 2022","Thursday, 24 February 2022",70.5,0.2,6500,CE,37000,24/02/22,Sell,456950,99.71631206,,,40739700
46,"Thursday, 24 February 2022","Thursday, 24 February 2022",70.8,90.8,6500,PE,35600,24/02/22,Sell,-130000,-28.24858757,326950,1066650,41066650
47,"Friday, 25 February 2022","Friday, 25 February 2022",73.5,93.5,6500,CE,38000,03/03/22,Sell,-130000,-27.21088435,,,41066650
48,"Friday, 25 February 2022","Friday, 25 February 2022",73.2,73.2,6500,PE,32800,03/03/22,Sell,0,0,-130000,936650,40936650
49,"Monday, 28 February 2022","Monday, 28 February 2022",78,78,6500,CE,37300,03/03/22,Sell,0,0,,,40936650
50,"Monday, 28 February 2022","Monday, 28 February 2022",75.35,95.35,6500,PE,33000,03/03/22,Sell,-130000,-26.54280027,-130000,806650,40806650
51,"Wednesday, 2 March 2022","Wednesday, 2 March 2022",71.65,56.1,6500,CE,36700,03/03/22,Sell,101075,21.70272156,,,40806650
52,"Wednesday, 2 March 2022","Wednesday, 2 March 2022",75.95,23,6500,PE,33300,03/03/22,Sell,344175,69.71691903,445250,1251900,41251900
53,"Thursday, 3 March 2022","Thursday, 3 March 2022",73.45,0.3,6500,CE,36000,03/03/22,Sell,475475,99.59155888,,,41251900
54,"Thursday, 3 March 2022","Thursday, 3 March 2022",85.45,105.45,6500,PE,35300,03/03/22,Sell,-130000,-23.40550029,345475,1597375,41597375
55,"Friday, 4 March 2022","Friday, 4 March 2022",78.5,98.5,6500,CE,36400,10/03/22,Sell,-130000,-25.47770701,,,41597375
56,"Friday, 4 March 2022","Friday, 4 March 2022",72.8,72.8,6500,PE,31100,10/03/22,Sell,0,0,-130000,1467375,41467375
57,"Monday, 7 March 2022","Monday, 7 March 2022",74.1,74.1,6500,CE,35200,10/03/22,Sell,0,0,,,41467375
58,"Monday, 7 March 2022","Monday, 7 March 2022",74.8,94.8,6500,PE,30600,10/03/22,Sell,-130000,-26.73796791,-130000,1337375,41337375
59,"Tuesday, 8 March 2022","Tuesday, 8 March 2022",73.95,73.95,6500,CE,34700,10/03/22,Sell,0,0,,,41337375
60,"Tuesday, 8 March 2022","Tuesday, 8 March 2022",71.4,91.4,6500,PE,30200,10/03/22,Sell,-130000,-28.01120448,-130000,1207375,41207375
61,"Wednesday, 9 March 2022","Wednesday, 9 March 2022",79.5,99.5,6500,CE,34300,10/03/22,Sell,-130000,-25.1572327,,,41207375
62,"Wednesday, 9 March 2022","Wednesday, 9 March 2022",72.95,16.4,6500,PE,31600,10/03/22,Sell,367575,77.51884853,237575,1444950,41444950
63,"Thursday, 10 March 2022","Thursday, 10 March 2022",70.25,70.25,6500,CE,35600,10/03/22,Sell,0,0,,,41444950
64,"Thursday, 10 March 2022","Thursday, 10 March 2022",76.95,96.95,6500,PE,34500,10/03/22,Sell,-130000,-25.99090318,-130000,1314950,41314950
65,"Friday, 11 March 2022","Friday, 11 March 2022",76,96,6500,CE,36500,17/03/22,Sell,-130000,-26.31578947,,,41314950
66,"Friday, 11 March 2022","Friday, 11 March 2022",75.6,75.6,6500,PE,31500,17/03/22,Sell,0,0,-130000,1184950,41184950
67,"Monday, 14 March 2022","Monday, 14 March 2022",78.75,98.75,6500,CE,36700,17/03/22,Sell,-130000,-25.3968254,,,41184950
68,"Monday, 14 March 2022","Monday, 14 March 2022",77,49.95,6500,PE,32300,17/03/22,Sell,175825,35.12987013,45825,1230775,41230775
69,"Tuesday, 15 March 2022","Tuesday, 15 March 2022",74,31.9,6500,CE,37000,17/03/22,Sell,273650,56.89189189,,,41230775
70,"Tuesday, 15 March 2022","Tuesday, 15 March 2022",78.15,98.15,6500,PE,33300,17/03/22,Sell,-130000,-25.59181062,143650,1374425,41374425
71,"Wednesday, 16 March 2022","Wednesday, 16 March 2022",76.15,60.4,6500,CE,36700,17/03/22,Sell,102375,20.68286277,,,41374425
72,"Wednesday, 16 March 2022","Wednesday, 16 March 2022",70.6,46.6,6500,PE,34300,17/03/22,Sell,156000,33.99433428,258375,1632800,41632800
73,"Thursday, 17 March 2022","Thursday, 17 March 2022",83.2,118.65,6500,CE,36700,17/03/22,Sell,-230425,-42.60817308,,,41632800
74,"Thursday, 17 March 2022","Thursday, 17 March 2022",83.85,0.35,6500,PE,36100,17/03/22,Sell,542750,99.58258795,312325,1945125,41945125
75,"Monday, 21 March 2022","Monday, 21 March 2022",78.6,45.7,6500,CE,37800,24/03/22,Sell,213850,41.85750636,,,41945125
76,"Monday, 21 March 2022","Monday, 21 March 2022",71.15,68,6500,PE,34300,24/03/22,Sell,20475,4.427266339,234325,2179450,42179450
77,"Tuesday, 22 March 2022","Tuesday, 22 March 2022",81.15,81.15,6500,CE,37100,24/03/22,Sell,0,0,,,42179450
78,"Tuesday, 22 March 2022","Tuesday, 22 March 2022",75.5,95.5,6500,PE,34400,24/03/22,Sell,-130000,-26.49006623,-130000,2049450,42049450
79,"Wednesday, 23 March 2022","Wednesday, 23 March 2022",73.1,17.3,6500,CE,37500,24/03/22,Sell,362700,76.33378933,,,42049450
80,"Wednesday, 23 March 2022","Wednesday, 23 March 2022",68.55,88.55,6500,PE,35900,24/03/22,Sell,-130000,-29.1757841,232700,2282150,42282150
81,"Thursday, 24 March 2022","Thursday, 24 March 2022",77.05,97.05,6500,CE,36000,24/03/22,Sell,-130000,-25.95717067,,,42282150
82,"Thursday, 24 March 2022","Thursday, 24 March 2022",69.75,69.75,6500,PE,35300,24/03/22,Sell,0,0,-130000,2152150,42152150
83,"Friday, 25 March 2022","Friday, 25 March 2022",75.6,51.85,6500,CE,37400,31/03/22,Sell,154375,31.41534392,,,42152150
84,"Friday, 25 March 2022","Friday, 25 March 2022",71.65,59.05,6500,PE,33400,31/03/22,Sell,81900,17.585485,236275,2388425,42388425
85,"Monday, 28 March 2022","Monday, 28 March 2022",76.95,76.95,6500,CE,36800,31/03/22,Sell,0,0,,,42388425
86,"Monday, 28 March 2022","Monday, 28 March 2022",76.85,96.85,6500,PE,33700,31/03/22,Sell,-130000,-26.02472349,-130000,2258425,42258425
87,"Tuesday, 29 March 2022","Tuesday, 29 March 2022",82.5,54.25,6500,CE,36900,31/03/22,Sell,183625,34.24242424,,,42258425
88,"Tuesday, 29 March 2022","Tuesday, 29 March 2022",79.3,99.3,6500,PE,34900,31/03/22,Sell,-130000,-25.22068096,53625,2312050,42312050
89,"Wednesday, 30 March 2022","Wednesday, 30 March 2022",72.8,92.8,6500,CE,36800,31/03/22,Sell,-130000,-27.47252747,,,42312050
90,"Wednesday, 30 March 2022","Wednesday, 30 March 2022",67.25,24.25,6500,PE,35400,31/03/22,Sell,279500,63.94052045,149500,2461550,42461550
91,"Thursday, 31 March 2022","Thursday, 31 March 2022",73.55,73.55,6500,CE,36600,31/03/22,Sell,0,0,,,42461550
92,"Thursday, 31 March 2022","Thursday, 31 March 2022",72.45,92.45,6500,PE,36100,31/03/22,Sell,-130000,-27.605245,-130000,2331550,42331550
93,"Friday, 1 April 2022","Friday, 1 April 2022",77.9,97.9,6500,CE,37700,07/04/22,Sell,-130000,-25.67394095,,,42331550
94,"Friday, 1 April 2022","Friday, 1 April 2022",76.75,23.2,6500,PE,34700,07/04/22,Sell,348075,69.77198697,218075,2549625,42549625
95,"Monday, 4 April 2022","Monday, 4 April 2022",68.4,88.4,6500,CE,38700,07/04/22,Sell,-130000,-29.23976608,,,42549625
96,"Monday, 4 April 2022","Monday, 4 April 2022",75.5,26.7,6500,PE,36500,07/04/22,Sell,317200,64.63576159,187200,2736825,42736825
97,"Tuesday, 5 April 2022","Tuesday, 5 April 2022",76.8,76.8,6500,CE,39300,07/04/22,Sell,0,0,,,42736825
98,"Tuesday, 5 April 2022","Tuesday, 5 April 2022",78.6,98.6,6500,PE,37400,07/04/22,Sell,-130000,-25.44529262,-130000,2606825,42606825
99,"Wednesday, 6 April 2022","Wednesday, 6 April 2022",73.85,93.85,6500,CE,38300,07/04/22,Sell,-130000,-27.08192282,,,42606825
100,"Wednesday, 6 April 2022","Wednesday, 6 April 2022",68.55,68.55,6500,PE,37000,07/04/22,Sell,0,0,-130000,2476825,42476825
101,"Thursday, 7 April 2022","Thursday, 7 April 2022",82.2,102.2,6500,CE,37600,07/04/22,Sell,-130000,-24.33090024,,,42476825
102,"Thursday, 7 April 2022","Thursday, 7 April 2022",81.3,85.3,6500,PE,37300,07/04/22,Sell,-26000,-4.9200492,-156000,2320825,42320825
103,"Friday, 8 April 2022","Friday, 8 April 2022",74.05,56.35,6500,CE,39100,13/04/22,Sell,115050,23.9027684,,,42320825
104,"Friday, 8 April 2022","Friday, 8 April 2022",72.95,29.2,6500,PE,36100,13/04/22,Sell,284375,59.97258396,399425,2720250,42720250
105,"Monday, 11 April 2022","Monday, 11 April 2022",73.7,93.7,6500,CE,38500,13/04/22,Sell,-130000,-27.13704206,,,42720250
106,"Monday, 11 April 2022","Monday, 11 April 2022",71.1,37.45,6500,PE,36600,13/04/22,Sell,218725,47.32770745,88725,2808975,42808975
107,"Tuesday, 12 April 2022","Tuesday, 12 April 2022",79.3,99.3,6500,CE,37900,13/04/22,Sell,-130000,-25.22068096,,,42808975
108,"Tuesday, 12 April 2022","Tuesday, 12 April 2022",66.95,14.25,6500,PE,36800,13/04/22,Sell,342550,78.7154593,212550,3021525,43021525
109,"Wednesday, 13 April 2022","Wednesday, 13 April 2022",75.9,0.2,6500,CE,38100,13/04/22,Sell,492050,99.73649539,,,43021525
110,"Wednesday, 13 April 2022","Wednesday, 13 April 2022",75,95,6500,PE,37800,13/04/22,Sell,-130000,-26.66666667,362050,3383575,43383575
111,"Monday, 18 April 2022","Monday, 18 April 2022",68.75,41.6,6500,CE,38000,21/04/22,Sell,176475,39.49090909,,,43383575
112,"Monday, 18 April 2022","Monday, 18 April 2022",76.05,30,6500,PE,35500,21/04/22,Sell,299325,60.55226824,475800,3859375,43859375
113,"Tuesday, 19 April 2022","Tuesday, 19 April 2022",71.4,71.4,6500,CE,37600,21/04/22,Sell,0,0,,,43859375
114,"Tuesday, 19 April 2022","Tuesday, 19 April 2022",67.95,87.95,6500,PE,36100,21/04/22,Sell,-130000,-29.43340692,-130000,3729375,43729375
115,"Wednesday, 20 April 2022","Wednesday, 20 April 2022",81.35,81.35,6500,CE,36900,21/04/22,Sell,0,0,,,43729375
116,"Wednesday, 20 April 2022","Wednesday, 20 April 2022",67.6,87.6,6500,PE,35800,21/04/22,Sell,-130000,-29.58579882,-130000,3599375,43599375
117,"Thursday, 21 April 2022","Thursday, 21 April 2022",83.75,83.75,6500,CE,36700,21/04/22,Sell,0,0,,,43599375
118,"Thursday, 21 April 2022","Thursday, 21 April 2022",84.4,104.4,6500,PE,36500,21/04/22,Sell,-130000,-23.69668246,-130000,3469375,43469375
119,"Friday, 22 April 2022","Friday, 22 April 2022",69,34.5,6500,CE,37600,28/04/22,Sell,224250,50,,,43469375
120,"Friday, 22 April 2022","Friday, 22 April 2022",80.25,100.25,6500,PE,35300,28/04/22,Sell,-130000,-24.92211838,94250,3563625,43563625
121,"Monday, 25 April 2022","Monday, 25 April 2022",78.75,98.75,6500,CE,36700,28/04/22,Sell,-130000,-25.3968254,,,43563625
122,"Monday, 25 April 2022","Monday, 25 April 2022",75.5,41.8,6500,PE,34400,28/04/22,Sell,219050,44.63576159,89050,3652675,43652675
123,"Tuesday, 26 April 2022","Tuesday, 26 April 2022",73.25,46.7,6500,CE,37200,28/04/22,Sell,172575,36.24573379,,,43652675
124,"Tuesday, 26 April 2022","Tuesday, 26 April 2022",69,89,6500,PE,35600,28/04/22,Sell,-130000,-28.98550725,42575,3695250,43695250
125,"Wednesday, 27 April 2022","Wednesday, 27 April 2022",69.05,28.55,6500,CE,36700,28/04/22,Sell,263250,58.65314989,,,43695250
126,"Wednesday, 27 April 2022","Wednesday, 27 April 2022",67.65,87.65,6500,PE,35600,28/04/22,Sell,-130000,-29.563932,133250,3828500,43828500
127,"Thursday, 28 April 2022","Thursday, 28 April 2022",63.75,63.75,6500,CE,36300,28/04/22,Sell,0,0,,,43828500
128,"Thursday, 28 April 2022","Thursday, 28 April 2022",85.9,105.9,6500,PE,36000,28/04/22,Sell,-130000,-23.28288708,-130000,3698500,43698500
129,"Friday, 29 April 2022","Friday, 29 April 2022",69.15,69.15,6500,CE,37600,05/05/22,Sell,0,0,,,43698500
130,"Friday, 29 April 2022","Friday, 29 April 2022",79.2,99.2,6500,PE,35300,05/05/22,Sell,-130000,-25.25252525,-130000,3568500,43568500
131,"Monday, 2 May 2022","Monday, 2 May 2022",69.4,58.25,6500,CE,37000,05/05/22,Sell,72475,16.06628242,,,43568500
132,"Monday, 2 May 2022","Monday, 2 May 2022",73.25,24.85,6500,PE,34800,05/05/22,Sell,314600,66.07508532,387075,3955575,43955575
133,"Wednesday, 4 May 2022","Wednesday, 4 May 2022",68.9,17.15,6500,CE,36800,05/05/22,Sell,336375,75.10885341,,,43955575
134,"Wednesday, 4 May 2022","Wednesday, 4 May 2022",74.85,94.85,6500,PE,35700,05/05/22,Sell,-130000,-26.72010688,206375,4161950,44161950
135,"Thursday, 5 May 2022","Thursday, 5 May 2022",70.05,70.05,6500,CE,35900,05/05/22,Sell,0,0,,,44161950
136,"Thursday, 5 May 2022","Thursday, 5 May 2022",71.25,91.25,6500,PE,35500,05/05/22,Sell,-130000,-28.07017544,-130000,4031950,44031950
137,"Friday, 6 May 2022","Friday, 6 May 2022",76.3,76.3,6500,CE,35900,12/05/22,Sell,0,0,,,44031950
138,"Friday, 6 May 2022","Friday, 6 May 2022",75.45,95.45,6500,PE,32900,12/05/22,Sell,-130000,-26.50762094,-130000,3901950,43901950
139,"Monday, 9 May 2022","Monday, 9 May 2022",80.25,100.25,6500,CE,35100,12/05/22,Sell,-130000,-24.92211838,,,43901950
140,"Monday, 9 May 2022","Monday, 9 May 2022",69.25,33.25,6500,PE,32800,12/05/22,Sell,234000,51.98555957,104000,4005950,44005950
141,"Tuesday, 10 May 2022","Tuesday, 10 May 2022",67.45,67.45,6500,CE,35200,12/05/22,Sell,0,0,,,44005950
142,"Tuesday, 10 May 2022","Tuesday, 10 May 2022",68.55,88.55,6500,PE,33500,12/05/22,Sell,-130000,-29.1757841,-130000,3875950,43875950
143,"Wednesday, 11 May 2022","Wednesday, 11 May 2022",76.9,42.95,6500,CE,35100,12/05/22,Sell,220675,44.14824447,,,43875950
144,"Wednesday, 11 May 2022","Wednesday, 11 May 2022",77.75,97.75,6500,PE,34100,12/05/22,Sell,-130000,-25.72347267,90675,3966625,43966625
145,"Thursday, 12 May 2022","Thursday, 12 May 2022",83.55,0.15,6500,CE,34400,12/05/22,Sell,542100,99.82046679,,,43966625
146,"Thursday, 12 May 2022","Thursday, 12 May 2022",65.6,85.6,6500,PE,33900,12/05/22,Sell,-130000,-30.48780488,412100,4378725,44378725
147,"Friday, 13 May 2022","Friday, 13 May 2022",70.3,22.95,6500,CE,35200,19/05/22,Sell,307775,67.3541963,,,44378725
148,"Friday, 13 May 2022","Friday, 13 May 2022",75.2,95.2,6500,PE,32200,19/05/22,Sell,-130000,-26.59574468,177775,4556500,44556500
149,"Monday, 16 May 2022","Monday, 16 May 2022",72.15,92.15,6500,CE,34300,19/05/22,Sell,-130000,-27.72002772,,,44556500
150,"Monday, 16 May 2022","Monday, 16 May 2022",79.1,23.2,6500,PE,31800,19/05/22,Sell,363350,70.67003793,233350,4789850,44789850
151,"Tuesday, 17 May 2022","Tuesday, 17 May 2022",83.1,83.1,6500,CE,34600,19/05/22,Sell,0,0,,,44789850
152,"Tuesday, 17 May 2022","Tuesday, 17 May 2022",78.6,98.6,6500,PE,32900,19/05/22,Sell,-130000,-25.44529262,-130000,4659850,44659850
153,"Wednesday, 18 May 2022","Wednesday, 18 May 2022",85.9,105.9,6500,CE,34900,19/05/22,Sell,-130000,-23.28288708,,,44659850
154,"Wednesday, 18 May 2022","Wednesday, 18 May 2022",74.5,74.5,6500,PE,33800,19/05/22,Sell,0,0,-130000,4529850,44529850
155,"Thursday, 19 May 2022","Thursday, 19 May 2022",73.2,93.2,6500,CE,33700,19/05/22,Sell,-130000,-27.32240437,,,44529850
156,"Thursday, 19 May 2022","Thursday, 19 May 2022",77.25,0.2,6500,PE,33000,19/05/22,Sell,500825,99.74110032,370825,4900675,44900675
157,"Friday, 20 May 2022","Friday, 20 May 2022",71.7,91.7,6500,CE,35000,26/05/22,Sell,-130000,-27.89400279,,,44900675
158,"Friday, 20 May 2022","Friday, 20 May 2022",73.55,73.55,6500,PE,32400,26/05/22,Sell,0,0,-130000,4770675,44770675
159,"Monday, 23 May 2022","Monday, 23 May 2022",79.7,99.7,6500,CE,35500,26/05/22,Sell,-130000,-25.09410289,,,44770675
160,"Monday, 23 May 2022","Monday, 23 May 2022",72.35,63.2,6500,PE,32900,26/05/22,Sell,59475,12.64685556,-70525,4700150,44700150
161,"Tuesday, 24 May 2022","Tuesday, 24 May 2022",72,92,6500,CE,35200,26/05/22,Sell,-130000,-27.77777778,,,44700150
162,"Tuesday, 24 May 2022","Tuesday, 24 May 2022",72.15,72.15,6500,PE,33200,26/05/22,Sell,0,0,-130000,4570150,44570150
163,"Wednesday, 25 May 2022","Wednesday, 25 May 2022",84.3,22.3,6500,CE,35100,26/05/22,Sell,403000,73.54685647,,,44570150
164,"Wednesday, 25 May 2022","Wednesday, 25 May 2022",72.75,92.75,6500,PE,33900,26/05/22,Sell,-130000,-27.49140893,273000,4843150,44843150
165,"Thursday, 26 May 2022","Thursday, 26 May 2022",80.4,80.4,6500,CE,34800,26/05/22,Sell,0,0,,,44843150
166,"Thursday, 26 May 2022","Thursday, 26 May 2022",69.45,89.45,6500,PE,34400,26/05/22,Sell,-130000,-28.79769618,-130000,4713150,44713150
167,"Friday, 27 May 2022","Friday, 27 May 2022",72.55,68.4,6500,CE,36700,02/06/22,Sell,26975,5.72019297,,,44713150
168,"Friday, 27 May 2022","Friday, 27 May 2022",74.7,50.3,6500,PE,33800,02/06/22,Sell,158600,32.66398929,185575,4898725,44898725
169,"Monday, 30 May 2022","Monday, 30 May 2022",67.5,44.5,6500,CE,36900,02/06/22,Sell,149500,34.07407407,,,44898725
170,"Monday, 30 May 2022","Monday, 30 May 2022",76.6,70.35,6500,PE,34800,02/06/22,Sell,40625,8.15926893,190125,5088850,45088850
171,"Tuesday, 31 May 2022","Tuesday, 31 May 2022",80.4,100.4,6500,CE,36400,02/06/22,Sell,-130000,-24.87562189,,,45088850
172,"Tuesday, 31 May 2022","Tuesday, 31 May 2022",72.5,72.5,6500,PE,34800,02/06/22,Sell,0,0,-130000,4958850,44958850
173,"Wednesday, 1 June 2022","Wednesday, 1 June 2022",65.85,85.85,6500,CE,36100,02/06/22,Sell,-130000,-30.37205771,,,44958850
174,"Wednesday, 1 June 2022","Wednesday, 1 June 2022",77.9,77.9,6500,PE,35000,02/06/22,Sell,0,0,-130000,4828850,44828850
175,"Thursday, 2 June 2022","Thursday, 2 June 2022",71.9,91.9,6500,CE,35600,02/06/22,Sell,-130000,-27.81641168,,,44828850
176,"Thursday, 2 June 2022","Thursday, 2 June 2022",85.65,0.25,6500,PE,35300,02/06/22,Sell,555100,99.70811442,425100,5253950,45253950
177,"Friday, 3 June 2022","Friday, 3 June 2022",69.45,28.4,6500,CE,37100,09/06/22,Sell,266825,59.10727142,,,45253950
178,"Friday, 3 June 2022","Friday, 3 June 2022",74.9,94.9,6500,PE,34600,09/06/22,Sell,-130000,-26.70226969,136825,5390775,45390775
179,"Monday, 6 June 2022","Monday, 6 June 2022",77.55,55.7,6500,CE,36400,09/06/22,Sell,142025,28.17537073,,,45390775
180,"Monday, 6 June 2022","Monday, 6 June 2022",73.2,93.2,6500,PE,34200,09/06/22,Sell,-130000,-27.32240437,12025,5402800,45402800
181,"Tuesday, 7 June 2022","Tuesday, 7 June 2022",70.7,63.9,6500,CE,35900,09/06/22,Sell,44200,9.618104668,,,45402800
182,"Tuesday, 7 June 2022","Tuesday, 7 June 2022",69.5,89.5,6500,PE,34200,09/06/22,Sell,-130000,-28.77697842,-85800,5317000,45317000
183,"Wednesday, 8 June 2022","Wednesday, 8 June 2022",74.95,74.95,6500,CE,35800,09/06/22,Sell,0,0,,,45317000
184,"Wednesday, 8 June 2022","Wednesday, 8 June 2022",71.25,91.25,6500,PE,34400,09/06/22,Sell,-130000,-28.07017544,-130000,5187000,45187000
185,"Thursday, 9 June 2022","Thursday, 9 June 2022",80.5,80.5,6500,CE,34900,09/06/22,Sell,0,0,,,45187000
186,"Thursday, 9 June 2022","Thursday, 9 June 2022",90.7,110.7,6500,PE,34700,09/06/22,Sell,-130000,-22.05071665,-130000,5057000,45057000
187,"Friday, 10 June 2022","Friday, 10 June 2022",75.6,43.2,6500,CE,35700,16/06/22,Sell,210600,42.85714286,,,45057000
188,"Friday, 10 June 2022","Friday, 10 June 2022",80.6,100.6,6500,PE,33600,16/06/22,Sell,-130000,-24.81389578,80600,5137600,45137600
189,"Monday, 13 June 2022","Monday, 13 June 2022",78.45,54.6,6500,CE,34500,16/06/22,Sell,155025,30.40152964,,,45137600
190,"Monday, 13 June 2022","Monday, 13 June 2022",79.75,99.75,6500,PE,32400,16/06/22,Sell,-130000,-25.07836991,25025,5162625,45162625
191,"Tuesday, 14 June 2022","Tuesday, 14 June 2022",76.95,76.95,6500,CE,34100,16/06/22,Sell,0,0,,,45162625
192,"Tuesday, 14 June 2022","Tuesday, 14 June 2022",69.35,89.35,6500,PE,32400,16/06/22,Sell,-130000,-28.83922134,-130000,5032625,45032625
193,"Wednesday, 15 June 2022","Wednesday, 15 June 2022",69,69,6500,CE,34000,16/06/22,Sell,0,0,,,45032625
194,"Wednesday, 15 June 2022","Wednesday, 15 June 2022",78.6,98.6,6500,PE,32800,16/06/22,Sell,-130000,-25.44529262,-130000,4902625,44902625
195,"Thursday, 16 June 2022","Thursday, 16 June 2022",80.05,80.05,6500,CE,33800,16/06/22,Sell,0,0,,,44902625
196,"Thursday, 16 June 2022","Thursday, 16 June 2022",85.95,105.95,6500,PE,33600,16/06/22,Sell,-130000,-23.26934264,-130000,4772625,44772625
197,"Friday, 17 June 2022","Friday, 17 June 2022",79.1,99.1,6500,CE,33700,23/06/22,Sell,-130000,-25.28445006,,,44772625
198,"Friday, 17 June 2022","Friday, 17 June 2022",75.4,42.1,6500,PE,30700,23/06/22,Sell,216450,44.16445623,86450,4859075,44859075
199,"Monday, 20 June 2022","Monday, 20 June 2022",68.2,37.45,6500,CE,33800,23/06/22,Sell,199875,45.08797654,,,44859075
200,"Monday, 20 June 2022","Monday, 20 June 2022",71.45,91.45,6500,PE,31500,23/06/22,Sell,-130000,-27.99160252,69875,4928950,44928950
201,"Tuesday, 21 June 2022","Tuesday, 21 June 2022",82.6,102.6,6500,CE,33500,23/06/22,Sell,-130000,-24.21307506,,,44928950
202,"Tuesday, 21 June 2022","Tuesday, 21 June 2022",69.9,32.85,6500,PE,32100,23/06/22,Sell,240825,53.00429185,110825,5039775,45039775
203,"Wednesday, 22 June 2022","Wednesday, 22 June 2022",67.95,67.95,6500,CE,33400,23/06/22,Sell,0,0,,,45039775
204,"Wednesday, 22 June 2022","Wednesday, 22 June 2022",79.65,99.65,6500,PE,32500,23/06/22,Sell,-130000,-25.10985562,-130000,4909775,44909775
205,"Thursday, 23 June 2022","Thursday, 23 June 2022",59.85,79.85,6500,CE,33100,23/06/22,Sell,-130000,-33.41687552,,,44909775
206,"Thursday, 23 June 2022","Thursday, 23 June 2022",82.6,82.6,6500,PE,32800,23/06/22,Sell,0,0,-130000,4779775,44779775
207,"Friday, 24 June 2022","Friday, 24 June 2022",68.6,50.4,6500,CE,34800,30/06/22,Sell,118300,26.53061224,,,44779775
208,"Friday, 24 June 2022","Friday, 24 June 2022",78,98,6500,PE,32300,30/06/22,Sell,-130000,-25.64102564,-11700,4768075,44768075
209,"Monday, 27 June 2022","Monday, 27 June 2022",80.95,43.9,6500,CE,34900,30/06/22,Sell,240825,45.76899321,,,44768075
210,"Monday, 27 June 2022","Monday, 27 June 2022",74.25,94.25,6500,PE,33000,30/06/22,Sell,-130000,-26.93602694,110825,4878900,44878900
211,"Tuesday, 28 June 2022","Tuesday, 28 June 2022",76.65,59.5,6500,CE,34300,30/06/22,Sell,111475,22.37442922,,,44878900
212,"Tuesday, 28 June 2022","Tuesday, 28 June 2022",69.4,45.2,6500,PE,32900,30/06/22,Sell,157300,34.870317,268775,5147675,45147675
213,"Wednesday, 29 June 2022","Wednesday, 29 June 2022",68.95,88.95,6500,CE,33700,30/06/22,Sell,-130000,-29.00652647,,,45147675
214,"Wednesday, 29 June 2022","Wednesday, 29 June 2022",74.85,58.5,6500,PE,32800,30/06/22,Sell,106275,21.84368737,-23725,5123950,45123950
215,"Thursday, 30 June 2022","Thursday, 30 June 2022",77.45,97.45,6500,CE,33600,30/06/22,Sell,-130000,-25.82311168,,,45123950
216,"Thursday, 30 June 2022","Thursday, 30 June 2022",63.8,63.8,6500,PE,33100,30/06/22,Sell,0,0,-130000,4993950,44993950
217,"Friday, 1 July 2022","Friday, 1 July 2022",80.5,100.5,6500,CE,34200,07/07/22,Sell,-130000,-24.8447205,,,44993950
218,"Friday, 1 July 2022","Friday, 1 July 2022",75.75,23.5,6500,PE,31700,07/07/22,Sell,339625,68.97689769,209625,5203575,45203575
219,"Monday, 4 July 2022","Monday, 4 July 2022",72.25,92.25,6500,CE,34500,07/07/22,Sell,-130000,-27.6816609,,,45203575
220,"Monday, 4 July 2022","Monday, 4 July 2022",81,34.5,6500,PE,32700,07/07/22,Sell,302250,57.40740741,172250,5375825,45375825
221,"Tuesday, 5 July 2022","Tuesday, 5 July 2022",73.6,93.6,6500,CE,34700,07/07/22,Sell,-130000,-27.17391304,,,45375825
222,"Tuesday, 5 July 2022","Tuesday, 5 July 2022",72.85,72.85,6500,PE,33500,07/07/22,Sell,0,0,-130000,5245825,45245825
223,"Wednesday, 6 July 2022","Wednesday, 6 July 2022",63.45,83.45,6500,CE,34400,07/07/22,Sell,-130000,-31.52088258,,,45245825
224,"Wednesday, 6 July 2022","Wednesday, 6 July 2022",83.6,83.6,6500,PE,33600,07/07/22,Sell,0,0,-130000,5115825,45115825
225,"Thursday, 7 July 2022","Thursday, 7 July 2022",80.35,80.35,6500,CE,34800,07/07/22,Sell,0,0,,,45115825
226,"Thursday, 7 July 2022","Thursday, 7 July 2022",79.95,99.95,6500,PE,34500,07/07/22,Sell,-130000,-25.01563477,-130000,4985825,44985825
227,"Friday, 8 July 2022","Friday, 8 July 2022",70.35,48.25,6500,CE,36100,14/07/22,Sell,143650,31.41435679,,,44985825
228,"Friday, 8 July 2022","Friday, 8 July 2022",75.75,61,6500,PE,34000,14/07/22,Sell,95875,19.47194719,239525,5225350,45225350
229,"Monday, 11 July 2022","Monday, 11 July 2022",79.95,99.95,6500,CE,35900,14/07/22,Sell,-130000,-25.01563477,,,45225350
230,"Monday, 11 July 2022","Monday, 11 July 2022",81,42.35,6500,PE,34300,14/07/22,Sell,251225,47.71604938,121225,5346575,45346575
231,"Tuesday, 12 July 2022","Tuesday, 12 July 2022",68.75,88.75,6500,CE,35900,14/07/22,Sell,-130000,-29.09090909,,,45346575
232,"Tuesday, 12 July 2022","Tuesday, 12 July 2022",72.15,72.15,6500,PE,34600,14/07/22,Sell,0,0,-130000,5216575,45216575
233,"Wednesday, 13 July 2022","Wednesday, 13 July 2022",65.85,16.8,6500,CE,35700,14/07/22,Sell,318825,74.48747153,,,45216575
234,"Wednesday, 13 July 2022","Wednesday, 13 July 2022",81.75,101.75,6500,PE,34900,14/07/22,Sell,-130000,-24.4648318,188825,5405400,45405400
235,"Thursday, 14 July 2022","Thursday, 14 July 2022",64.9,84.9,6500,CE,35100,14/07/22,Sell,-130000,-30.81664099,,,45405400
236,"Thursday, 14 July 2022","Thursday, 14 July 2022",82.65,82.65,6500,PE,34700,14/07/22,Sell,0,0,-130000,5275400,45275400
237,"Friday, 15 July 2022","Friday, 15 July 2022",82.7,52.45,6500,CE,35600,21/07/22,Sell,196625,36.57799274,,,45275400
238,"Friday, 15 July 2022","Friday, 15 July 2022",75.5,95.5,6500,PE,33900,21/07/22,Sell,-130000,-26.49006623,66625,5342025,45342025
239,"Monday, 18 July 2022","Monday, 18 July 2022",70.25,90.25,6500,CE,35600,21/07/22,Sell,-130000,-28.46975089,,,45342025
240,"Monday, 18 July 2022","Monday, 18 July 2022",68.95,27.1,6500,PE,34200,21/07/22,Sell,272025,60.69615664,142025,5484050,45484050
241,"Tuesday, 19 July 2022","Tuesday, 19 July 2022",74.95,94.95,6500,CE,35700,21/07/22,Sell,-130000,-26.6844563,,,45484050
242,"Tuesday, 19 July 2022","Tuesday, 19 July 2022",78.7,30.4,6500,PE,34700,21/07/22,Sell,313950,61.37229987,183950,5668000,45668000
243,"Wednesday, 20 July 2022","Wednesday, 20 July 2022",79.45,79.45,6500,CE,36300,21/07/22,Sell,0,0,,,45668000
244,"Wednesday, 20 July 2022","Wednesday, 20 July 2022",69.1,89.1,6500,PE,35600,21/07/22,Sell,-130000,-28.94356006,-130000,5538000,45538000
245,"Thursday, 21 July 2022","Thursday, 21 July 2022",62.65,82.65,6500,CE,36100,21/07/22,Sell,-130000,-31.92338388,,,45538000
246,"Thursday, 21 July 2022","Thursday, 21 July 2022",77,0.1,6500,PE,35800,21/07/22,Sell,499850,99.87012987,369850,5907850,45907850
247,"Friday, 22 July 2022","Friday, 22 July 2022",73.85,93.85,6500,CE,37300,28/07/22,Sell,-130000,-27.08192282,,,45907850
248,"Friday, 22 July 2022","Friday, 22 July 2022",74.05,44.55,6500,PE,35400,28/07/22,Sell,191750,39.83794733,61750,5969600,45969600
249,"Monday, 25 July 2022","Monday, 25 July 2022",73.2,24.7,6500,CE,37700,28/07/22,Sell,315250,66.2568306,,,45969600
250,"Monday, 25 July 2022","Monday, 25 July 2022",76.75,96.75,6500,PE,36000,28/07/22,Sell,-130000,-26.05863192,185250,6154850,46154850
251,"Tuesday, 26 July 2022","Tuesday, 26 July 2022",65.5,23.45,6500,CE,37200,28/07/22,Sell,273325,64.19847328,,,46154850
252,"Tuesday, 26 July 2022","Tuesday, 26 July 2022",72.5,92.5,6500,PE,35900,28/07/22,Sell,-130000,-27.5862069,143325,6298175,46298175
253,"Wednesday, 27 July 2022","Wednesday, 27 July 2022",75.45,75.45,6500,CE,36800,28/07/22,Sell,0,0,,,46298175
254,"Wednesday, 27 July 2022","Wednesday, 27 July 2022",67.7,87.7,6500,PE,35900,28/07/22,Sell,-130000,-29.54209749,-130000,6168175,46168175
255,"Thursday, 28 July 2022","Thursday, 28 July 2022",85.2,105.2,6500,CE,37300,28/07/22,Sell,-130000,-23.4741784,,,46168175
256,"Thursday, 28 July 2022","Thursday, 28 July 2022",69.7,69.7,6500,PE,37000,28/07/22,Sell,0,0,-130000,6038175,46038175
257,"Friday, 29 July 2022","Friday, 29 July 2022",69.85,42.75,6500,CE,38600,04/08/22,Sell,176150,38.79742305,,,46038175
258,"Friday, 29 July 2022","Friday, 29 July 2022",75.4,95.4,6500,PE,36700,04/08/22,Sell,-130000,-26.52519894,46150,6084325,46084325
259,"Monday, 1 August 2022","Monday, 1 August 2022",80.3,100.3,6500,CE,38200,04/08/22,Sell,-130000,-24.90660025,,,46084325
260,"Monday, 1 August 2022","Monday, 1 August 2022",71.55,71.55,6500,PE,36600,04/08/22,Sell,0,0,-130000,5954325,45954325
261,"Tuesday, 2 August 2022","Tuesday, 2 August 2022",67.5,67.5,6500,CE,38400,04/08/22,Sell,0,0,,,45954325
262,"Tuesday, 2 August 2022","Tuesday, 2 August 2022",80.7,100.7,6500,PE,37100,04/08/22,Sell,-130000,-24.78314746,-130000,5824325,45824325
263,"Wednesday, 3 August 2022","Wednesday, 3 August 2022",83.6,38.7,6500,CE,38400,04/08/22,Sell,291850,53.70813397,,,45824325
264,"Wednesday, 3 August 2022","Wednesday, 3 August 2022",69.5,89.5,6500,PE,37400,04/08/22,Sell,-130000,-28.77697842,161850,5986175,45986175
265,"Thursday, 4 August 2022","Thursday, 4 August 2022",81.55,0.15,6500,CE,38300,04/08/22,Sell,529100,99.81606376,,,45986175
266,"Thursday, 4 August 2022","Thursday, 4 August 2022",69.15,89.15,6500,PE,38000,04/08/22,Sell,-130000,-28.92263196,399100,6385275,46385275
267,"Friday, 5 August 2022","Friday, 5 August 2022",72.75,92.75,6500,CE,38900,11/08/22,Sell,-130000,-27.49140893,,,46385275
268,"Friday, 5 August 2022","Friday, 5 August 2022",77.05,46.1,6500,PE,36500,11/08/22,Sell,201175,40.16872161,71175,6456450,46456450
269,"Monday, 8 August 2022","Monday, 8 August 2022",70.25,90.25,6500,CE,38500,11/08/22,Sell,-130000,-28.46975089,,,46456450
270,"Monday, 8 August 2022","Monday, 8 August 2022",72.4,27.6,6500,PE,36800,11/08/22,Sell,291200,61.87845304,161200,6617650,46617650
271,"Wednesday, 10 August 2022","Wednesday, 10 August 2022",73.55,93.55,6500,CE,38700,11/08/22,Sell,-130000,-27.19238613,,,46617650
272,"Wednesday, 10 August 2022","Wednesday, 10 August 2022",76.3,76.3,6500,PE,37700,11/08/22,Sell,0,0,-130000,6487650,46487650
273,"Thursday, 11 August 2022","Thursday, 11 August 2022",71.5,91.5,6500,CE,38800,11/08/22,Sell,-130000,-27.97202797,,,46487650
274,"Thursday, 11 August 2022","Thursday, 11 August 2022",61,0.25,6500,PE,38500,11/08/22,Sell,394875,99.59016393,264875,6752525,46752525
275,"Friday, 12 August 2022","Friday, 12 August 2022",69.1,69.1,6500,CE,39700,18/08/22,Sell,0,0,,,46752525
276,"Friday, 12 August 2022","Friday, 12 August 2022",79.9,99.9,6500,PE,38000,18/08/22,Sell,-130000,-25.03128911,-130000,6622525,46622525
277,"Tuesday, 16 August 2022","Tuesday, 16 August 2022",67.25,42.85,6500,CE,39800,18/08/22,Sell,158600,36.28252788,,,46622525
278,"Tuesday, 16 August 2022","Tuesday, 16 August 2022",68.35,88.35,6500,PE,38700,18/08/22,Sell,-130000,-29.26115582,28600,6651125,46651125
279,"Wednesday, 17 August 2022","Wednesday, 17 August 2022",84.4,84.4,6500,CE,39600,18/08/22,Sell,0,0,,,46651125
280,"Wednesday, 17 August 2022","Wednesday, 17 August 2022",83.65,103.65,6500,PE,39000,18/08/22,Sell,-130000,-23.90914525,-130000,6521125,46521125
281,"Thursday, 18 August 2022","Thursday, 18 August 2022",63.75,83.75,6500,CE,39600,18/08/22,Sell,-130000,-31.37254902,,,46521125
282,"Thursday, 18 August 2022","Thursday, 18 August 2022",82.3,82.3,6500,PE,39300,18/08/22,Sell,0,0,-130000,6391125,46391125
283,"Friday, 19 August 2022","Friday, 19 August 2022",75.85,30.6,6500,CE,40400,25/08/22,Sell,294125,59.65721819,,,46391125
284,"Friday, 19 August 2022","Friday, 19 August 2022",73.45,93.45,6500,PE,38800,25/08/22,Sell,-130000,-27.22940776,164125,6555250,46555250
285,"Monday, 22 August 2022","Monday, 22 August 2022",80.6,30.95,6500,CE,39400,25/08/22,Sell,322725,61.60049628,,,46555250
286,"Monday, 22 August 2022","Monday, 22 August 2022",75.2,95.2,6500,PE,37800,25/08/22,Sell,-130000,-26.59574468,192725,6747975,46747975
287,"Tuesday, 23 August 2022","Tuesday, 23 August 2022",73.05,93.05,6500,CE,38700,25/08/22,Sell,-130000,-27.37850787,,,46747975
288,"Tuesday, 23 August 2022","Tuesday, 23 August 2022",78.1,19.05,6500,PE,37500,25/08/22,Sell,383825,75.60819462,253825,7001800,47001800
289,"Wednesday, 24 August 2022","Wednesday, 24 August 2022",78.75,78.75,6500,CE,39200,25/08/22,Sell,0,0,,,47001800
290,"Wednesday, 24 August 2022","Wednesday, 24 August 2022",75.65,95.65,6500,PE,38300,25/08/22,Sell,-130000,-26.43754131,-130000,6871800,46871800
291,"Thursday, 25 August 2022","Thursday, 25 August 2022",69,89,6500,CE,39400,25/08/22,Sell,-130000,-28.98550725,,,46871800
292,"Thursday, 25 August 2022","Thursday, 25 August 2022",69.4,69.4,6500,PE,39100,25/08/22,Sell,0,0,-130000,6741800,46741800
293,"Friday, 26 August 2022","Friday, 26 August 2022",76.15,51.6,6500,CE,40200,01/09/22,Sell,159575,32.23900197,,,46741800
294,"Friday, 26 August 2022","Friday, 26 August 2022",70.3,90.3,6500,PE,38100,01/09/22,Sell,-130000,-28.44950213,29575,6771375,46771375
295,"Monday, 29 August 2022","Monday, 29 August 2022",75.9,95.9,6500,CE,39000,01/09/22,Sell,-130000,-26.35046113,,,46771375
296,"Monday, 29 August 2022","Monday, 29 August 2022",70.35,28.1,6500,PE,36800,01/09/22,Sell,274625,60.05685856,144625,6916000,46916000
297,"Tuesday, 30 August 2022","Tuesday, 30 August 2022",75.5,95.5,6500,CE,39100,01/09/22,Sell,-130000,-26.49006623,,,46916000
298,"Tuesday, 30 August 2022","Tuesday, 30 August 2022",72.25,25.5,6500,PE,38100,01/09/22,Sell,303875,64.70588235,173875,7089875,47089875
299,"Thursday, 1 September 2022","Thursday, 1 September 2022",84,104,6500,CE,39400,01/09/22,Sell,-130000,-23.80952381,,,47089875
300,"Thursday, 1 September 2022","Thursday, 1 September 2022",80.6,80.6,6500,PE,38800,01/09/22,Sell,0,0,-130000,6959875,46959875
301,"Friday, 2 September 2022","Friday, 2 September 2022",76.95,46.65,6500,CE,40700,08/09/22,Sell,196950,39.37621832,,,46959875
302,"Friday, 2 September 2022","Friday, 2 September 2022",78.15,98.15,6500,PE,38000,08/09/22,Sell,-130000,-25.59181062,66950,7026825,47026825
303,"Monday, 5 September 2022","Monday, 5 September 2022",72.7,92.7,6500,CE,40600,08/09/22,Sell,-130000,-27.51031637,,,47026825
304,"Monday, 5 September 2022","Monday, 5 September 2022",70.25,45.6,6500,PE,38400,08/09/22,Sell,160225,35.08896797,30225,7057050,47057050
305,"Tuesday, 6 September 2022","Tuesday, 6 September 2022",80.25,33.15,6500,CE,40700,08/09/22,Sell,306150,58.69158879,,,47057050
306,"Tuesday, 6 September 2022","Tuesday, 6 September 2022",80.95,100.95,6500,PE,39100,08/09/22,Sell,-130000,-24.70660902,176150,7233200,47233200
307,"Wednesday, 7 September 2022","Wednesday, 7 September 2022",74.05,74.05,6500,CE,40100,08/09/22,Sell,0,0,,,47233200
308,"Wednesday, 7 September 2022","Wednesday, 7 September 2022",81.8,101.8,6500,PE,38800,08/09/22,Sell,-130000,-24.44987775,-130000,7103200,47103200
309,"Thursday, 8 September 2022","Thursday, 8 September 2022",67.7,70.6,6500,CE,40000,08/09/22,Sell,-18850,-4.283604136,,,47103200
310,"Thursday, 8 September 2022","Thursday, 8 September 2022",61.7,81.7,6500,PE,39500,08/09/22,Sell,-130000,-32.41491086,-148850,6954350,46954350
311,"Friday, 9 September 2022","Friday, 9 September 2022",75.65,50,6500,CE,41600,15/09/22,Sell,166725,33.90614673,,,46954350
312,"Friday, 9 September 2022","Friday, 9 September 2022",72,92,6500,PE,39200,15/09/22,Sell,-130000,-27.77777778,36725,6991075,46991075
313,"Monday, 12 September 2022","Monday, 12 September 2022",68.45,68.45,6500,CE,41500,15/09/22,Sell,0,0,,,46991075
314,"Monday, 12 September 2022","Monday, 12 September 2022",70.9,90.9,6500,PE,39500,15/09/22,Sell,-130000,-28.20874471,-130000,6861075,46861075
315,"Tuesday, 13 September 2022","Tuesday, 13 September 2022",78.4,79.7,6500,CE,41400,15/09/22,Sell,-8450,-1.658163265,,,46861075
316,"Tuesday, 13 September 2022","Tuesday, 13 September 2022",74.95,50.75,6500,PE,39900,15/09/22,Sell,157300,32.28819213,148850,7009925,47009925
317,"Wednesday, 14 September 2022","Wednesday, 14 September 2022",66.15,86.15,6500,CE,41100,15/09/22,Sell,-130000,-30.23431595,,,47009925
318,"Wednesday, 14 September 2022","Wednesday, 14 September 2022",73.05,20.25,6500,PE,39800,15/09/22,Sell,343200,72.27926078,213200,7223125,47223125
319,"Thursday, 15 September 2022","Thursday, 15 September 2022",68.45,88.45,6500,CE,42000,15/09/22,Sell,-130000,-29.2184076,,,47223125
320,"Thursday, 15 September 2022","Thursday, 15 September 2022",68.45,68.45,6500,PE,41400,15/09/22,Sell,0,0,-130000,7093125,47093125
321,"Friday, 16 September 2022","Friday, 16 September 2022",77.4,38,6500,CE,42400,22/09/22,Sell,256100,50.90439276,,,47093125
322,"Friday, 16 September 2022","Friday, 16 September 2022",70.55,90.55,6500,PE,39300,22/09/22,Sell,-130000,-28.34868887,126100,7219225,47219225
323,"Monday, 19 September 2022","Monday, 19 September 2022",81.5,81.5,6500,CE,42000,22/09/22,Sell,0,0,,,47219225
324,"Monday, 19 September 2022","Monday, 19 September 2022",72.7,92.7,6500,PE,39300,22/09/22,Sell,-130000,-27.51031637,-130000,7089225,47089225
325,"Tuesday, 20 September 2022","Tuesday, 20 September 2022",79,99,6500,CE,42200,22/09/22,Sell,-130000,-25.3164557,,,47089225
326,"Tuesday, 20 September 2022","Tuesday, 20 September 2022",79.35,61.75,6500,PE,40400,22/09/22,Sell,114400,22.18021424,-15600,7073625,47073625
327,"Wednesday, 21 September 2022","Wednesday, 21 September 2022",68.55,47.95,6500,CE,42100,22/09/22,Sell,133900,30.05105762,,,47073625
328,"Wednesday, 21 September 2022","Wednesday, 21 September 2022",76.9,96.9,6500,PE,40400,22/09/22,Sell,-130000,-26.00780234,3900,7077525,47077525
329,"Thursday, 22 September 2022","Thursday, 22 September 2022",66.45,86.45,6500,CE,41500,22/09/22,Sell,-130000,-30.09781791,,,47077525
330,"Thursday, 22 September 2022","Thursday, 22 September 2022",80.2,80.2,6500,PE,40500,22/09/22,Sell,0,0,-130000,6947525,46947525
331,"Friday, 23 September 2022","Friday, 23 September 2022",78.25,37.65,6500,CE,41700,29/09/22,Sell,263900,51.88498403,,,46947525
332,"Friday, 23 September 2022","Friday, 23 September 2022",80,100,6500,PE,38900,29/09/22,Sell,-130000,-25,133900,7081425,47081425
333,"Monday, 26 September 2022","Monday, 26 September 2022",79.3,99.3,6500,CE,40300,29/09/22,Sell,-130000,-25.22068096,,,47081425
334,"Monday, 26 September 2022","Monday, 26 September 2022",71.45,36.7,6500,PE,37000,29/09/22,Sell,225875,48.63540938,95875,7177300,47177300
335,"Tuesday, 27 September 2022","Tuesday, 27 September 2022",79.1,28.1,6500,CE,40000,29/09/22,Sell,331500,64.47534766,,,47177300
336,"Tuesday, 27 September 2022","Tuesday, 27 September 2022",73.35,93.35,6500,PE,37900,29/09/22,Sell,-130000,-27.26653033,201500,7378800,47378800
337,"Wednesday, 28 September 2022","Wednesday, 28 September 2022",72.65,92.65,6500,CE,38700,29/09/22,Sell,-130000,-27.52924983,,,47378800
338,"Wednesday, 28 September 2022","Wednesday, 28 September 2022",81.75,41.65,6500,PE,37100,29/09/22,Sell,260650,49.05198777,130650,7509450,47509450
339,"Thursday, 29 September 2022","Thursday, 29 September 2022",75.95,0.25,6500,CE,38500,29/09/22,Sell,492050,99.67083608,,,47509450
340,"Thursday, 29 September 2022","Thursday, 29 September 2022",82.95,102.95,6500,PE,38000,29/09/22,Sell,-130000,-24.11091019,362050,7871500,47871500
341,"Friday, 30 September 2022","Friday, 30 September 2022",79.65,99.65,6500,CE,39100,06/10/22,Sell,-130000,-25.10985562,,,47871500
342,"Friday, 30 September 2022","Friday, 30 September 2022",77.35,17.1,6500,PE,35400,06/10/22,Sell,391625,77.89269554,261625,8133125,48133125
343,"Monday, 3 October 2022","Monday, 3 October 2022",77.7,97.7,6500,CE,39500,06/10/22,Sell,-130000,-25.74002574,,,48133125
344,"Monday, 3 October 2022","Monday, 3 October 2022",70.55,70.65,6500,PE,36800,06/10/22,Sell,-650,-0.141743444,-130650,8002475,48002475
345,"Tuesday, 4 October 2022","Tuesday, 4 October 2022",80.9,100.9,6500,CE,39500,06/10/22,Sell,-130000,-24.72187886,,,48002475
346,"Tuesday, 4 October 2022","Tuesday, 4 October 2022",75.4,27.55,6500,PE,38100,06/10/22,Sell,311025,63.46153846,181025,8183500,48183500
347,"Thursday, 6 October 2022","Thursday, 6 October 2022",67.65,67.65,6500,CE,39700,06/10/22,Sell,0,0,,,48183500
348,"Thursday, 6 October 2022","Thursday, 6 October 2022",70.3,90.3,6500,PE,39000,06/10/22,Sell,-130000,-28.44950213,-130000,8053500,48053500
349,"Friday, 7 October 2022","Friday, 7 October 2022",74.6,75.85,6500,CE,40200,13/10/22,Sell,-8125,-1.675603217,,,48053500
350,"Friday, 7 October 2022","Friday, 7 October 2022",73.7,42.7,6500,PE,37500,13/10/22,Sell,201500,42.0624152,193375,8246875,48246875
351,"Monday, 10 October 2022","Monday, 10 October 2022",78.55,98.55,6500,CE,39500,13/10/22,Sell,-130000,-25.4614895,,,48246875
352,"Monday, 10 October 2022","Monday, 10 October 2022",75.15,26.45,6500,PE,37400,13/10/22,Sell,316550,64.80372588,186550,8433425,48433425
353,"Tuesday, 11 October 2022","Tuesday, 11 October 2022",75.15,95.15,6500,CE,39800,13/10/22,Sell,-130000,-26.61343979,,,48433425
354,"Tuesday, 11 October 2022","Tuesday, 11 October 2022",76.85,76.85,6500,PE,38000,13/10/22,Sell,0,0,-130000,8303425,48303425
355,"Wednesday, 12 October 2022","Wednesday, 12 October 2022",81.15,101.15,6500,CE,39400,13/10/22,Sell,-130000,-24.64571781,,,48303425
356,"Wednesday, 12 October 2022","Wednesday, 12 October 2022",75.85,75.85,6500,PE,38100,13/10/22,Sell,0,0,-130000,8173425,48173425
357,"Thursday, 13 October 2022","Thursday, 13 October 2022",86.2,106.2,6500,CE,39200,13/10/22,Sell,-130000,-23.20185615,,,48173425
358,"Thursday, 13 October 2022","Thursday, 13 October 2022",68.65,68.65,6500,PE,38700,13/10/22,Sell,0,0,-130000,8043425,48043425
359,"Friday, 14 October 2022","Friday, 14 October 2022",80.45,31.75,6500,CE,40800,20/10/22,Sell,316550,60.53449347,,,48043425
360,"Friday, 14 October 2022","Friday, 14 October 2022",70.05,90.05,6500,PE,38100,20/10/22,Sell,-130000,-28.55103498,186550,8229975,48229975
361,"Monday, 17 October 2022","Monday, 17 October 2022",74.05,74.05,6500,CE,40300,20/10/22,Sell,0,0,,,48229975
362,"Monday, 17 October 2022","Monday, 17 October 2022",70.25,90.25,6500,PE,38200,20/10/22,Sell,-130000,-28.46975089,-130000,8099975,48099975
363,"Tuesday, 18 October 2022","Tuesday, 18 October 2022",76.25,66.95,6500,CE,40900,20/10/22,Sell,60450,12.19672131,,,48099975
364,"Tuesday, 18 October 2022","Tuesday, 18 October 2022",73.05,45.55,6500,PE,39300,20/10/22,Sell,178750,37.64544832,239200,8339175,48339175
365,"Wednesday, 19 October 2022","Wednesday, 19 October 2022",68.7,88.7,6500,CE,40900,20/10/22,Sell,-130000,-29.11208151,,,48339175
366,"Wednesday, 19 October 2022","Wednesday, 19 October 2022",75.35,75.35,6500,PE,40000,20/10/22,Sell,0,0,-130000,8209175,48209175
367,"Thursday, 20 October 2022","Thursday, 20 October 2022",88.4,0.4,6500,CE,40200,20/10/22,Sell,572000,99.54751131,,,48209175
368,"Thursday, 20 October 2022","Thursday, 20 October 2022",71.4,91.4,6500,PE,39900,20/10/22,Sell,-130000,-28.01120448,442000,8651175,48651175
369,"Friday, 21 October 2022","Friday, 21 October 2022",71.9,91.9,6500,CE,41300,27/10/22,Sell,-130000,-27.81641168,,,48651175
370,"Friday, 21 October 2022","Friday, 21 October 2022",69.45,35.9,6500,PE,39400,27/10/22,Sell,218075,48.30813535,88075,8739250,48739250
371,"Tuesday, 25 October 2022","Tuesday, 25 October 2022",78.7,78.7,6500,CE,41700,27/10/22,Sell,0,0,,,48739250
372,"Tuesday, 25 October 2022","Tuesday, 25 October 2022",79.75,99.75,6500,PE,40700,27/10/22,Sell,-130000,-25.07836991,-130000,8609250,48609250
373,"Thursday, 27 October 2022","Thursday, 27 October 2022",87.5,107.5,6500,CE,41500,27/10/22,Sell,-130000,-22.85714286,,,48609250
374,"Thursday, 27 October 2022","Thursday, 27 October 2022",64.8,64.8,6500,PE,41200,27/10/22,Sell,0,0,-130000,8479250,48479250
375,"Friday, 28 October 2022","Friday, 28 October 2022",76.65,33.3,6500,CE,42500,03/11/22,Sell,281775,56.55577299,,,48479250
376,"Friday, 28 October 2022","Friday, 28 October 2022",78,98,6500,PE,40100,03/11/22,Sell,-130000,-25.64102564,151775,8631025,48631025
377,"Monday, 31 October 2022","Monday, 31 October 2022",72.9,72.9,6500,CE,42200,03/11/22,Sell,0,0,,,48631025
378,"Monday, 31 October 2022","Monday, 31 October 2022",70.5,90.5,6500,PE,40300,03/11/22,Sell,-130000,-28.36879433,-130000,8501025,48501025
379,"Tuesday, 1 November 2022","Tuesday, 1 November 2022",74.15,94.15,6500,CE,42100,03/11/22,Sell,-130000,-26.97235334,,,48501025
380,"Tuesday, 1 November 2022","Tuesday, 1 November 2022",79.1,79.1,6500,PE,40800,03/11/22,Sell,0,0,-130000,8371025,48371025
381,"Wednesday, 2 November 2022","Wednesday, 2 November 2022",77.95,97.95,6500,CE,41800,03/11/22,Sell,-130000,-25.65747274,,,48371025
382,"Wednesday, 2 November 2022","Wednesday, 2 November 2022",73.8,73.8,6500,PE,40700,03/11/22,Sell,0,0,-130000,8241025,48241025
383,"Thursday, 3 November 2022","Thursday, 3 November 2022",61.7,81.7,6500,CE,41300,03/11/22,Sell,-130000,-32.41491086,,,48241025
384,"Thursday, 3 November 2022","Thursday, 3 November 2022",77.15,0.15,6500,PE,40800,03/11/22,Sell,500500,99.80557356,370500,8611525,48611525
385,"Friday, 4 November 2022","Friday, 4 November 2022",82.7,51.75,6500,CE,42300,10/11/22,Sell,201175,37.42442563,,,48611525
386,"Friday, 4 November 2022","Friday, 4 November 2022",71.8,91.8,6500,PE,40300,10/11/22,Sell,-130000,-27.8551532,71175,8682700,48682700
387,"Monday, 7 November 2022","Monday, 7 November 2022",78.25,46.55,6500,CE,42300,10/11/22,Sell,206050,40.51118211,,,48682700
388,"Monday, 7 November 2022","Monday, 7 November 2022",80,100,6500,PE,41100,10/11/22,Sell,-130000,-25,76050,8758750,48758750
389,"Wednesday, 9 November 2022","Wednesday, 9 November 2022",63.05,63.05,6500,CE,42200,10/11/22,Sell,0,0,,,48758750
390,"Wednesday, 9 November 2022","Wednesday, 9 November 2022",67.55,87.55,6500,PE,41400,10/11/22,Sell,-130000,-29.607698,-130000,8628750,48628750
391,"Thursday, 10 November 2022","Thursday, 10 November 2022",58.75,0.1,6500,CE,41700,10/11/22,Sell,381225,99.82978723,,,48628750
392,"Thursday, 10 November 2022","Thursday, 10 November 2022",84.45,104.45,6500,PE,41500,10/11/22,Sell,-130000,-23.68265246,251225,8879975,48879975
393,"Friday, 11 November 2022","Friday, 11 November 2022",74.4,74.4,6500,CE,42900,17/11/22,Sell,0,0,,,48879975
394,"Friday, 11 November 2022","Friday, 11 November 2022",77.7,97.7,6500,PE,41300,17/11/22,Sell,-130000,-25.74002574,-130000,8749975,48749975
395,"Monday, 14 November 2022","Monday, 14 November 2022",70,39.35,6500,CE,42800,17/11/22,Sell,199225,43.78571429,,,48749975
396,"Monday, 14 November 2022","Monday, 14 November 2022",72.35,63.75,6500,PE,41500,17/11/22,Sell,55900,11.88666206,255125,9005100,49005100
397,"Tuesday, 15 November 2022","Tuesday, 15 November 2022",80.35,100.35,6500,CE,42600,17/11/22,Sell,-130000,-24.89110143,,,49005100
398,"Tuesday, 15 November 2022","Tuesday, 15 November 2022",74.1,41.25,6500,PE,41800,17/11/22,Sell,213525,44.33198381,83525,9088625,49088625
399,"Wednesday, 16 November 2022","Wednesday, 16 November 2022",79.35,99.35,6500,CE,42600,17/11/22,Sell,-130000,-25.20478891,,,49088625
400,"Wednesday, 16 November 2022","Wednesday, 16 November 2022",67,67,6500,PE,42000,17/11/22,Sell,0,0,-130000,8958625,48958625
401,"Thursday, 17 November 2022","Thursday, 17 November 2022",83.65,103.65,6500,CE,42500,17/11/22,Sell,-130000,-23.90914525,,,48958625
402,"Thursday, 17 November 2022","Thursday, 17 November 2022",85.05,85.05,6500,PE,42400,17/11/22,Sell,0,0,-130000,8828625,48828625
403,"Friday, 18 November 2022","Friday, 18 November 2022",67,49.25,6500,CE,43200,24/11/22,Sell,115375,26.49253731,,,48828625
404,"Friday, 18 November 2022","Friday, 18 November 2022",82.05,102.05,6500,PE,41800,24/11/22,Sell,-130000,-24.37538087,-14625,8814000,48814000
405,"Monday, 21 November 2022","Monday, 21 November 2022",78.15,59.65,6500,CE,42800,24/11/22,Sell,120250,23.67242482,,,48814000
406,"Monday, 21 November 2022","Monday, 21 November 2022",67.75,51.95,6500,PE,41800,24/11/22,Sell,102700,23.32103321,222950,9036950,49036950
407,"Tuesday, 22 November 2022","Tuesday, 22 November 2022",78.65,69.3,6500,CE,42700,24/11/22,Sell,60775,11.88811189,,,49036950
408,"Tuesday, 22 November 2022","Tuesday, 22 November 2022",77.85,42.6,6500,PE,42100,24/11/22,Sell,229125,45.27938343,289900,9326850,49326850
409,"Wednesday, 23 November 2022","Wednesday, 23 November 2022",88.2,108.2,6500,CE,42700,24/11/22,Sell,-130000,-22.67573696,,,49326850
410,"Wednesday, 23 November 2022","Wednesday, 23 November 2022",81.35,49.7,6500,PE,42500,24/11/22,Sell,205725,38.90596189,75725,9402575,49402575
411,"Thursday, 24 November 2022","Thursday, 24 November 2022",70.4,90.4,6500,CE,42800,24/11/22,Sell,-130000,-28.40909091,,,49402575
412,"Thursday, 24 November 2022","Thursday, 24 November 2022",82.25,0.25,6500,PE,42800,24/11/22,Sell,533000,99.69604863,403000,9805575,49805575
413,"Friday, 25 November 2022","Friday, 25 November 2022",66.3,86.3,6500,CE,43700,01/12/22,Sell,-130000,-30.16591252,,,49805575
414,"Friday, 25 November 2022","Friday, 25 November 2022",69.55,69.55,6500,PE,42500,01/12/22,Sell,0,0,-130000,9675575,49675575
415,"Monday, 28 November 2022","Monday, 28 November 2022",74.2,94.2,6500,CE,43400,01/12/22,Sell,-130000,-26.9541779,,,49675575
416,"Monday, 28 November 2022","Monday, 28 November 2022",77.3,54.9,6500,PE,42500,01/12/22,Sell,145600,28.97800776,15600,9691175,49691175
417,"Tuesday, 29 November 2022","Tuesday, 29 November 2022",69.15,41.5,6500,CE,43500,01/12/22,Sell,179725,39.98553868,,,49691175
418,"Tuesday, 29 November 2022","Tuesday, 29 November 2022",74.6,94.6,6500,PE,42800,01/12/22,Sell,-130000,-26.80965147,49725,9740900,49740900
419,"Wednesday, 30 November 2022","Wednesday, 30 November 2022",76.2,59.75,6500,CE,43400,01/12/22,Sell,106925,21.58792651,,,49740900
420,"Wednesday, 30 November 2022","Wednesday, 30 November 2022",63.15,83.15,6500,PE,43000,01/12/22,Sell,-130000,-31.67062549,-23075,9717825,49717825
421,"Thursday, 1 December 2022","Thursday, 1 December 2022",83.9,0.25,6500,CE,43500,01/12/22,Sell,543725,99.70202622,,,49717825
422,"Thursday, 1 December 2022","Thursday, 1 December 2022",60.4,80.4,6500,PE,43400,01/12/22,Sell,-130000,-33.11258278,413725,10131550,50131550
423,"Friday, 2 December 2022","Friday, 2 December 2022",74.35,57.75,6500,CE,43800,08/12/22,Sell,107900,22.32683255,,,50131550
424,"Friday, 2 December 2022","Friday, 2 December 2022",68.9,88.9,6500,PE,42400,08/12/22,Sell,-130000,-29.0275762,-22100,10109450,50109450
425,"Monday, 5 December 2022","Monday, 5 December 2022",80.95,80.95,6500,CE,43600,08/12/22,Sell,0,0,,,50109450
426,"Monday, 5 December 2022","Monday, 5 December 2022",78.35,98.35,6500,PE,42700,08/12/22,Sell,-130000,-25.52648373,-130000,9979450,49979450
427,"Tuesday, 6 December 2022","Tuesday, 6 December 2022",67.7,62.5,6500,CE,43700,08/12/22,Sell,33800,7.680945347,,,49979450
428,"Tuesday, 6 December 2022","Tuesday, 6 December 2022",72.6,92.6,6500,PE,42800,08/12/22,Sell,-130000,-27.54820937,-96200,9883250,49883250
429,"Wednesday, 7 December 2022","Wednesday, 7 December 2022",66.95,86.95,6500,CE,43600,08/12/22,Sell,-130000,-29.87303958,,,49883250
430,"Wednesday, 7 December 2022","Wednesday, 7 December 2022",84.6,84.6,6500,PE,42900,08/12/22,Sell,0,0,-130000,9753250,49753250
431,"Thursday, 8 December 2022","Thursday, 8 December 2022",75.75,95.75,6500,CE,43200,08/12/22,Sell,-130000,-26.40264026,,,49753250
432,"Thursday, 8 December 2022","Thursday, 8 December 2022",85.7,0.2,6500,PE,43100,08/12/22,Sell,555750,99.76662777,425750,10179000,50179000
433,"Friday, 9 December 2022","Friday, 9 December 2022",77.6,97.6,6500,CE,44200,15/12/22,Sell,-130000,-25.77319588,,,50179000
434,"Friday, 9 December 2022","Friday, 9 December 2022",70.3,70.3,6500,PE,43100,15/12/22,Sell,0,0,-130000,10049000,50049000
435,"Monday, 12 December 2022","Monday, 12 December 2022",77.25,97.25,6500,CE,43900,15/12/22,Sell,-130000,-25.88996764,,,50049000
436,"Monday, 12 December 2022","Monday, 12 December 2022",68.8,36.7,6500,PE,43000,15/12/22,Sell,208650,46.65697674,78650,10127650,50127650
437,"Tuesday, 13 December 2022","Tuesday, 13 December 2022",64.8,84.8,6500,CE,44200,15/12/22,Sell,-130000,-30.86419753,,,50127650
438,"Tuesday, 13 December 2022","Tuesday, 13 December 2022",79.45,68,6500,PE,43500,15/12/22,Sell,74425,14.41157961,-55575,10072075,50072075
439,"Wednesday, 14 December 2022","Wednesday, 14 December 2022",66.1,51.25,6500,CE,44300,15/12/22,Sell,96525,22.46596067,,,50072075
440,"Wednesday, 14 December 2022","Wednesday, 14 December 2022",65.45,48,6500,PE,43700,15/12/22,Sell,113425,26.66157372,209950,10282025,50282025
441,"Thursday, 15 December 2022","Thursday, 15 December 2022",66.9,86.9,6500,CE,44100,15/12/22,Sell,-130000,-29.89536622,,,50282025
442,"Thursday, 15 December 2022","Thursday, 15 December 2022",78.4,78.4,6500,PE,44000,15/12/22,Sell,0,0,-130000,10152025,50152025
443,"Friday, 16 December 2022","Friday, 16 December 2022",74,94,6500,CE,44000,22/12/22,Sell,-130000,-27.02702703,,,50152025
444,"Friday, 16 December 2022","Friday, 16 December 2022",70,70,6500,PE,42600,22/12/22,Sell,0,0,-130000,10022025,50022025
445,"Monday, 19 December 2022","Monday, 19 December 2022",73.4,73.4,6500,CE,43800,22/12/22,Sell,0,0,,,50022025
446,"Monday, 19 December 2022","Monday, 19 December 2022",70.25,90.25,6500,PE,42700,22/12/22,Sell,-130000,-28.46975089,-130000,9892025,49892025
447,"Tuesday, 20 December 2022","Tuesday, 20 December 2022",65.4,65.4,6500,CE,43700,22/12/22,Sell,0,0,,,49892025
448,"Tuesday, 20 December 2022","Tuesday, 20 December 2022",74,94,6500,PE,42900,22/12/22,Sell,-130000,-27.02702703,-130000,9762025,49762025
449,"Wednesday, 21 December 2022","Wednesday, 21 December 2022",59.9,59.9,6500,CE,43800,22/12/22,Sell,0,0,,,49762025
450,"Wednesday, 21 December 2022","Wednesday, 21 December 2022",77.9,97.9,6500,PE,43400,22/12/22,Sell,-130000,-25.67394095,-130000,9632025,49632025
451,"Thursday, 22 December 2022","Thursday, 22 December 2022",83.45,0.25,6500,CE,43000,22/12/22,Sell,540800,99.70041941,,,49632025
452,"Thursday, 22 December 2022","Thursday, 22 December 2022",67.35,87.35,6500,PE,42500,22/12/22,Sell,-130000,-29.6956199,410800,10042825,50042825
453,"Friday, 23 December 2022","Friday, 23 December 2022",80.45,26.95,6500,CE,43000,29/12/22,Sell,347750,66.50093226,,,50042825
454,"Friday, 23 December 2022","Friday, 23 December 2022",73.15,93.15,6500,PE,40800,29/12/22,Sell,-130000,-27.34107997,217750,10260575,50260575
455,"Monday, 26 December 2022","Monday, 26 December 2022",76.05,96.05,6500,CE,42500,29/12/22,Sell,-130000,-26.29848784,,,50260575
456,"Monday, 26 December 2022","Monday, 26 December 2022",69.5,69.5,6500,PE,40900,29/12/22,Sell,0,0,-130000,10130575,50130575
457,"Tuesday, 27 December 2022","Tuesday, 27 December 2022",67.5,35.1,6500,CE,43500,29/12/22,Sell,210600,48,,,50130575
458,"Tuesday, 27 December 2022","Tuesday, 27 December 2022",79.45,99.45,6500,PE,42200,29/12/22,Sell,-130000,-25.17306482,80600,10211175,50211175
459,"Wednesday, 28 December 2022","Wednesday, 28 December 2022",72.9,92.9,6500,CE,43200,29/12/22,Sell,-130000,-27.43484225,,,50211175
460,"Wednesday, 28 December 2022","Wednesday, 28 December 2022",75.8,75.8,6500,PE,42200,29/12/22,Sell,0,0,-130000,10081175,50081175
461,"Thursday, 29 December 2022","Thursday, 29 December 2022",60.2,60.2,6500,CE,42800,29/12/22,Sell,0,0,,,50081175
462,"Thursday, 29 December 2022","Thursday, 29 December 2022",73.8,93.8,6500,PE,42400,29/12/22,Sell,-130000,-27.100271,-130000,9951175,49951175
463,"Friday, 30 December 2022","Friday, 30 December 2022",71.8,32.9,6500,CE,44200,05/01/23,Sell,252850,54.17827298,,,49951175
464,"Friday, 30 December 2022","Friday, 30 December 2022",75.55,95.55,6500,PE,42200,05/01/23,Sell,-130000,-26.47253475,122850,10074025,50074025
465,"Monday, 2 January 2023","Monday, 2 January 2023",77.65,97.65,6500,CE,43800,05/01/23,Sell,-130000,-25.75660013,,,50074025
466,"Monday, 2 January 2023","Monday, 2 January 2023",78.8,34.75,6500,PE,42300,05/01/23,Sell,286325,55.90101523,156325,10230350,50230350
467,"Tuesday, 3 January 2023","Tuesday, 3 January 2023",81.45,101.45,6500,CE,43800,05/01/23,Sell,-130000,-24.55494168,,,50230350
468,"Tuesday, 3 January 2023","Tuesday, 3 January 2023",71.45,71.45,6500,PE,42700,05/01/23,Sell,0,0,-130000,10100350,50100350
469,"Wednesday, 4 January 2023","Wednesday, 4 January 2023",83.5,15.5,6500,CE,43800,05/01/23,Sell,442000,81.43712575,,,50100350
470,"Wednesday, 4 January 2023","Wednesday, 4 January 2023",72.1,92.1,6500,PE,43100,05/01/23,Sell,-130000,-27.73925104,312000,10412350,50412350
471,"Thursday, 5 January 2023","Thursday, 5 January 2023",64.7,64.7,6500,CE,43300,05/01/23,Sell,0,0,,,50412350
472,"Thursday, 5 January 2023","Thursday, 5 January 2023",82.35,102.35,6500,PE,42900,05/01/23,Sell,-130000,-24.28658166,-130000,10282350,50282350
473,"Friday, 6 January 2023","Friday, 6 January 2023",82.65,82.65,6500,CE,43400,12/01/23,Sell,0,0,,,50282350
474,"Friday, 6 January 2023","Friday, 6 January 2023",73.9,93.9,6500,PE,41600,12/01/23,Sell,-130000,-27.06359946,-130000,10152350,50152350
475,"Monday, 9 January 2023","Monday, 9 January 2023",70,70,6500,CE,43200,12/01/23,Sell,0,0,,,50152350
476,"Monday, 9 January 2023","Monday, 9 January 2023",68.5,88.5,6500,PE,41600,12/01/23,Sell,-130000,-29.19708029,-130000,10022350,50022350
477,"Tuesday, 10 January 2023","Tuesday, 10 January 2023",75.25,31.65,6500,CE,43000,12/01/23,Sell,283400,57.94019934,,,50022350
478,"Tuesday, 10 January 2023","Tuesday, 10 January 2023",71.75,91.75,6500,PE,41900,12/01/23,Sell,-130000,-27.87456446,153400,10175750,50175750
479,"Wednesday, 11 January 2023","Wednesday, 11 January 2023",81.5,81.5,6500,CE,42400,12/01/23,Sell,0,0,,,50175750
480,"Wednesday, 11 January 2023","Wednesday, 11 January 2023",71.05,91.05,6500,PE,41400,12/01/23,Sell,-130000,-28.14919071,-130000,10045750,50045750
481,"Thursday, 12 January 2023","Thursday, 12 January 2023",86.85,86.85,6500,CE,42400,12/01/23,Sell,0,0,,,50045750
482,"Thursday, 12 January 2023","Thursday, 12 January 2023",74,94,6500,PE,41900,12/01/23,Sell,-130000,-27.02702703,-130000,9915750,49915750
483,"Friday, 13 January 2023","Friday, 13 January 2023",77.45,97.45,6500,CE,43000,19/01/23,Sell,-130000,-25.82311168,,,49915750
484,"Friday, 13 January 2023","Friday, 13 January 2023",76.55,28.95,6500,PE,40900,19/01/23,Sell,309400,62.18158067,179400,10095150,50095150
485,"Monday, 16 January 2023","Monday, 16 January 2023",73.25,22.8,6500,CE,43300,19/01/23,Sell,327925,68.87372014,,,50095150
486,"Monday, 16 January 2023","Monday, 16 January 2023",79.95,99.95,6500,PE,41900,19/01/23,Sell,-130000,-25.01563477,197925,10293075,50293075
487,"Tuesday, 17 January 2023","Tuesday, 17 January 2023",83.4,103.4,6500,CE,42700,19/01/23,Sell,-130000,-23.98081535,,,50293075
488,"Tuesday, 17 January 2023","Tuesday, 17 January 2023",76.6,76.6,6500,PE,41500,19/01/23,Sell,0,0,-130000,10163075,50163075
489,"Wednesday, 18 January 2023","Wednesday, 18 January 2023",64.6,64.6,6500,CE,42700,19/01/23,Sell,0,0,,,50163075
490,"Wednesday, 18 January 2023","Wednesday, 18 January 2023",82.45,102.45,6500,PE,41900,19/01/23,Sell,-130000,-24.25712553,-130000,10033075,50033075
491,"Thursday, 19 January 2023","Thursday, 19 January 2023",59.6,59.6,6500,CE,42600,19/01/23,Sell,0,0,,,50033075
492,"Thursday, 19 January 2023","Thursday, 19 January 2023",85.7,105.7,6500,PE,42200,19/01/23,Sell,-130000,-23.33722287,-130000,9903075,49903075
493,"Friday, 20 January 2023","Friday, 20 January 2023",73.95,93.95,6500,CE,43100,25/01/23,Sell,-130000,-27.04530088,,,49903075
494,"Friday, 20 January 2023","Friday, 20 January 2023",80.5,50.85,6500,PE,41700,25/01/23,Sell,192725,36.83229814,62725,9965800,49965800
495,"Monday, 23 January 2023","Monday, 23 January 2023",81.9,101.9,6500,CE,43200,25/01/23,Sell,-130000,-24.42002442,,,49965800
496,"Monday, 23 January 2023","Monday, 23 January 2023",76.35,43.1,6500,PE,42300,25/01/23,Sell,216125,43.54944335,86125,10051925,50051925
497,"Tuesday, 24 January 2023","Tuesday, 24 January 2023",86,14,6500,CE,43200,25/01/23,Sell,468000,83.72093023,,,50051925
498,"Tuesday, 24 January 2023","Tuesday, 24 January 2023",73.2,93.2,6500,PE,42700,25/01/23,Sell,-130000,-27.32240437,338000,10389925,50389925
499,"Wednesday, 25 January 2023","Wednesday, 25 January 2023",67.8,0.2,6500,CE,42700,25/01/23,Sell,439400,99.70501475,,,50389925
500,"Wednesday, 25 January 2023","Wednesday, 25 January 2023",71.8,91.8,6500,PE,42500,25/01/23,Sell,-130000,-27.8551532,309400,10699325,50699325
501,"Friday, 27 January 2023","Friday, 27 January 2023",77,77,6500,CE,42900,02/02/23,Sell,0,0,,,50699325
502,"Friday, 27 January 2023","Friday, 27 January 2023",62.8,82.8,6500,PE,38500,02/02/23,Sell,-130000,-31.84713376,-130000,10569325,50569325
503,"Monday, 30 January 2023","Monday, 30 January 2023",72.7,92.7,6500,CE,42100,02/02/23,Sell,-130000,-27.51031637,,,50569325
504,"Monday, 30 January 2023","Monday, 30 January 2023",69.55,11.25,6500,PE,36500,02/02/23,Sell,378950,83.82458663,248950,10818275,50818275
505,"Tuesday, 31 January 2023","Tuesday, 31 January 2023",76.15,76.55,6500,CE,42300,02/02/23,Sell,-2600,-0.525279054,,,50818275
506,"Tuesday, 31 January 2023","Tuesday, 31 January 2023",80.1,29.9,6500,PE,38300,02/02/23,Sell,326300,62.67166042,323700,11141975,51141975
507,"Wednesday, 1 February 2023","Wednesday, 1 February 2023",69.85,89.85,6500,CE,42500,02/02/23,Sell,-130000,-28.63278454,,,51141975
508,"Wednesday, 1 February 2023","Wednesday, 1 February 2023",75.05,75.05,6500,PE,39500,02/02/23,Sell,0,0,-130000,11011975,51011975
509,"Thursday, 2 February 2023","Thursday, 2 February 2023",69.85,89.85,6500,CE,40500,02/02/23,Sell,-130000,-28.63278454,,,51011975
510,"Thursday, 2 February 2023","Thursday, 2 February 2023",76.05,79.4,6500,PE,39000,02/02/23,Sell,-21775,-4.404996713,-151775,10860200,50860200
511,"Friday, 3 February 2023","Friday, 3 February 2023",75,75,6500,CE,42400,09/02/23,Sell,0,0,,,50860200
512,"Friday, 3 February 2023","Friday, 3 February 2023",73.45,93.45,6500,PE,39100,09/02/23,Sell,-130000,-27.22940776,-130000,10730200,50730200
513,"Monday, 6 February 2023","Monday, 6 February 2023",71.15,71.15,6500,CE,42400,09/02/23,Sell,0,0,,,50730200
514,"Monday, 6 February 2023","Monday, 6 February 2023",74.6,94.6,6500,PE,40100,09/02/23,Sell,-130000,-26.80965147,-130000,10600200,50600200
515,"Tuesday, 7 February 2023","Tuesday, 7 February 2023",80.2,56.25,6500,CE,42200,09/02/23,Sell,155675,29.86284289,,,50600200
516,"Tuesday, 7 February 2023","Tuesday, 7 February 2023",77.05,97.05,6500,PE,40600,09/02/23,Sell,-130000,-25.95717067,25675,10625875,50625875
517,"Wednesday, 8 February 2023","Wednesday, 8 February 2023",71.75,91.75,6500,CE,42100,09/02/23,Sell,-130000,-27.87456446,,,50625875
518,"Wednesday, 8 February 2023","Wednesday, 8 February 2023",72.3,72.3,6500,PE,41000,09/02/23,Sell,0,0,-130000,10495875,50495875
519,"Thursday, 9 February 2023","Thursday, 9 February 2023",73.4,0.2,6500,CE,41700,09/02/23,Sell,475800,99.72752044,,,50495875
520,"Thursday, 9 February 2023","Thursday, 9 February 2023",67.8,87.8,6500,PE,41300,09/02/23,Sell,-130000,-29.49852507,345800,10841675,50841675
521,"Friday, 10 February 2023","Friday, 10 February 2023",68.2,88.2,6500,CE,42300,16/02/23,Sell,-130000,-29.3255132,,,50841675
522,"Friday, 10 February 2023","Friday, 10 February 2023",75,51.05,6500,PE,40600,16/02/23,Sell,155675,31.93333333,25675,10867350,50867350
523,"Monday, 13 February 2023","Monday, 13 February 2023",73.45,33.2,6500,CE,42200,16/02/23,Sell,261625,54.79918312,,,50867350
524,"Monday, 13 February 2023","Monday, 13 February 2023",79.25,99.25,6500,PE,41000,16/02/23,Sell,-130000,-25.23659306,131625,10998975,50998975
525,"Tuesday, 14 February 2023","Tuesday, 14 February 2023",69.1,69.1,6500,CE,41900,16/02/23,Sell,0,0,,,50998975
526,"Tuesday, 14 February 2023","Tuesday, 14 February 2023",68.6,88.6,6500,PE,40800,16/02/23,Sell,-130000,-29.15451895,-130000,10868975,50868975
527,"Wednesday, 15 February 2023","Wednesday, 15 February 2023",73.6,73.6,6500,CE,41900,16/02/23,Sell,0,0,,,50868975
528,"Wednesday, 15 February 2023","Wednesday, 15 February 2023",64.65,84.65,6500,PE,41200,16/02/23,Sell,-130000,-30.9358082,-130000,10738975,50738975
529,"Thursday, 16 February 2023","Thursday, 16 February 2023",60.65,61.6,6500,CE,42000,16/02/23,Sell,-6175,-1.566364386,,,50738975
530,"Thursday, 16 February 2023","Thursday, 16 February 2023",69.8,89.8,6500,PE,41800,16/02/23,Sell,-130000,-28.65329513,-136175,10602800,50602800
531,"Friday, 17 February 2023","Friday, 17 February 2023",69.15,47.2,6500,CE,42200,23/02/23,Sell,142675,31.74258858,,,50602800
532,"Friday, 17 February 2023","Friday, 17 February 2023",81,101,6500,PE,40700,23/02/23,Sell,-130000,-24.69135802,12675,10615475,50615475
533,"Monday, 20 February 2023","Monday, 20 February 2023",71.75,71.75,6500,CE,41900,23/02/23,Sell,0,0,,,50615475
534,"Monday, 20 February 2023","Monday, 20 February 2023",78.25,98.25,6500,PE,40600,23/02/23,Sell,-130000,-25.55910543,-130000,10485475,50485475
535,"Tuesday, 21 February 2023","Tuesday, 21 February 2023",80.15,80.15,6500,CE,41200,23/02/23,Sell,0,0,,,50485475
536,"Tuesday, 21 February 2023","Tuesday, 21 February 2023",78.95,98.95,6500,PE,40100,23/02/23,Sell,-130000,-25.33248892,-130000,10355475,50355475
537,"Wednesday, 22 February 2023","Wednesday, 22 February 2023",84.15,14.25,6500,CE,40800,23/02/23,Sell,454350,83.06595365,,,50355475
538,"Wednesday, 22 February 2023","Wednesday, 22 February 2023",69.2,89.2,6500,PE,40100,23/02/23,Sell,-130000,-28.9017341,324350,10679825,50679825
539,"Thursday, 23 February 2023","Thursday, 23 February 2023",68.45,68.45,6500,CE,40200,23/02/23,Sell,0,0,,,50679825
540,"Thursday, 23 February 2023","Thursday, 23 February 2023",64.7,84.7,6500,PE,39700,23/02/23,Sell,-130000,-30.91190108,-130000,10549825,50549825
541,"Friday, 24 February 2023","Friday, 24 February 2023",80.75,100.75,6500,CE,41000,02/03/23,Sell,-130000,-24.76780186,,,50549825
542,"Friday, 24 February 2023","Friday, 24 February 2023",76.25,76.25,6500,PE,39400,02/03/23,Sell,0,0,-130000,10419825,50419825
543,"Monday, 27 February 2023","Monday, 27 February 2023",68.1,88.1,6500,CE,40500,02/03/23,Sell,-130000,-29.36857562,,,50419825
544,"Monday, 27 February 2023","Monday, 27 February 2023",70.3,19.55,6500,PE,39000,02/03/23,Sell,329875,72.19061166,199875,10619700,50619700
545,"Tuesday, 28 February 2023","Tuesday, 28 February 2023",69.55,69.55,6500,CE,40900,02/03/23,Sell,0,0,,,50619700
546,"Tuesday, 28 February 2023","Tuesday, 28 February 2023",78.85,98.85,6500,PE,39800,02/03/23,Sell,-130000,-25.36461636,-130000,10489700,50489700
547,"Wednesday, 1 March 2023","Wednesday, 1 March 2023",77.4,97.4,6500,CE,40700,02/03/23,Sell,-130000,-25.83979328,,,50489700
548,"Wednesday, 1 March 2023","Wednesday, 1 March 2023",75,75,6500,PE,40100,02/03/23,Sell,0,0,-130000,10359700,50359700
549,"Thursday, 2 March 2023","Thursday, 2 March 2023",93.4,0.15,6500,CE,40800,02/03/23,Sell,606125,99.83940043,,,50359700
550,"Thursday, 2 March 2023","Thursday, 2 March 2023",63.35,83.35,6500,PE,40600,02/03/23,Sell,-130000,-31.57063931,476125,10835825,50835825
551,"Friday, 3 March 2023","Friday, 3 March 2023",78.95,98.95,6500,CE,41200,09/03/23,Sell,-130000,-25.33248892,,,50835825
552,"Friday, 3 March 2023","Friday, 3 March 2023",70,33.2,6500,PE,40100,09/03/23,Sell,239200,52.57142857,109200,10945025,50945025
553,"Monday, 6 March 2023","Monday, 6 March 2023",65.4,85.4,6500,CE,42000,09/03/23,Sell,-130000,-30.58103976,,,50945025
554,"Monday, 6 March 2023","Monday, 6 March 2023",66.8,66.8,6500,PE,41000,09/03/23,Sell,0,0,-130000,10815025,50815025
555,"Wednesday, 8 March 2023","Wednesday, 8 March 2023",87.1,107.1,6500,CE,41400,09/03/23,Sell,-130000,-22.96211251,,,50815025
556,"Wednesday, 8 March 2023","Wednesday, 8 March 2023",82.45,13.95,6500,PE,40800,09/03/23,Sell,445250,83.08065494,315250,11130275,51130275
557,"Thursday, 9 March 2023","Thursday, 9 March 2023",70.35,0.15,6500,CE,41700,09/03/23,Sell,456300,99.78678038,,,51130275
558,"Thursday, 9 March 2023","Thursday, 9 March 2023",67,87,6500,PE,41500,09/03/23,Sell,-130000,-29.85074627,326300,11456575,51456575
559,"Friday, 10 March 2023","Friday, 10 March 2023",67.35,38.8,6500,CE,41500,16/03/23,Sell,185575,42.3904974,,,51456575
560,"Friday, 10 March 2023","Friday, 10 March 2023",72.85,92.85,6500,PE,39600,16/03/23,Sell,-130000,-27.45367193,55575,11512150,51512150
561,"Monday, 13 March 2023","Monday, 13 March 2023",79.05,23.6,6500,CE,41200,16/03/23,Sell,360425,70.14547755,,,51512150
562,"Monday, 13 March 2023","Monday, 13 March 2023",77,97,6500,PE,39900,16/03/23,Sell,-130000,-25.97402597,230425,11742575,51742575
563,"Tuesday, 14 March 2023","Tuesday, 14 March 2023",73.95,73.95,6500,CE,40300,16/03/23,Sell,0,0,,,51742575
564,"Tuesday, 14 March 2023","Tuesday, 14 March 2023",79.3,99.3,6500,PE,38700,16/03/23,Sell,-130000,-25.22068096,-130000,11612575,51612575
565,"Wednesday, 15 March 2023","Wednesday, 15 March 2023",65.95,8.65,6500,CE,40400,16/03/23,Sell,372450,86.88400303,,,51612575
566,"Wednesday, 15 March 2023","Wednesday, 15 March 2023",72.7,92.7,6500,PE,39400,16/03/23,Sell,-130000,-27.51031637,242450,11855025,51855025
567,"Thursday, 16 March 2023","Thursday, 16 March 2023",82.3,102.3,6500,CE,39200,16/03/23,Sell,-130000,-24.30133657,,,51855025
568,"Thursday, 16 March 2023","Thursday, 16 March 2023",67.3,67.3,6500,PE,38600,16/03/23,Sell,0,0,-130000,11725025,51725025